10001,10.32,186684.77,2703667.851,直接水準
1B1058,23.88,194089.0029,2701420.7378,直接水準
204,13.97,192453.1118,2703494.3073,直接水準
215,20.06,192078.0789,2703721.1157,直接水準
220,11.81,181365.695,2699536.859,直接水準
221,15.48,181273.3422,2699589.8132,直接水準
228,12.24,181357.7658,2698213.6999,直接水準
231,15.27,187514.962,2706238.7358,直接水準
233,20.38,187493.1,2705070.286,直接水準
245,22.63,185744.5141,2705041.9897,直接水準
251,10.17,179782.065,2708718.0007,直接水準
259,3.86,179999.811,2708085.018,直接水準
264,11.78,180452.0758,2708583.6821,直接水準
266,11.99,180553.0343,2708416.7164,直接水準
283,14.84,191553.2593,2707872.5428,--
285,16.1,190757.3963,2707511.9944,--
286,32.58,189042.6357,2706488.9925,直接水準
2B121,29.05,173111.5334,2701213.5877,--
2B138,8.42,174036.3575,2705071.49,--
2B139,10.48,173981.558,2705166.6422,--
2B37,4.13,175601.5903,2704169.9725,--
315,20.43,192237.3982,2711329.2598,直接水準
317,24.1,192069.3947,2711267.4025,直接水準
60,7.56,183117.2727,2707122.2885,直接水準
61,9.75,183429.0928,2706947.4513,直接水準
808,15.17,186048.0775,2703519.0782,--
92A006,28.2,182137.1387,2705654.3814,直接水準
92A007,13.13,181925.7029,2705885.4976,直接水準
92A009,4.01,180595.6625,2707612.4275,直接水準
92A011,9.4,180423.3236,2708120.5189,直接水準
92A012,14.23,180798.839,2708486.359,直接水準
92A015,15.3,179160.505,2708289.9402,直接水準
92A016,3.52,180085.3479,2707940.0913,直接水準
92A018,5.94,179124.5069,2706514.0013,直接水準
92A019,8.21,179426.3827,2706295.207,直接水準
92A020,11.08,179459.6289,2706130.1899,直接水準
92A021,19.96,187531.4294,2705431.8836,直接水準
92A022,5.55,190320.9566,2712380.5425,直接水準
92A025,27.83,191134.9531,2712763.4302,直接水準
92A026,26.37,191213.5758,2712842.8239,直接水準
92A033,24.22,193193.103,2711065.174,直接水準
92A034,16.51,193334.539,2711153.748,直接水準
92A045,53.34,179345.625,2699521.858,直接水準
92A047,45.72,179926.5148,2699496.4721,直接水準
92A048,41.65,179937.3751,2699321.0299,直接水準
92A052,31.4,180849.7928,2699562.6236,直接水準
92A053,24.8,180942.1865,2699692.111,直接水準
92A056,17.76,181048.1413,2698403.432,直接水準
92A057,22.63,182161.15,2700460.58,直接水準
92A058,22.18,182244.1994,2700381.4927,直接水準
92A061,6.47,174811.7158,2702340.5702,直接水準
92A062,5,174074.486,2702266.7711,直接水準
92A063,6.09,173635.6056,2702064.4869,直接水準
92A065,50.4,172982.3347,2701312.243,直接水準
92A068,3.74,171168.8661,2701506.7566,直接水準
92A069,4.48,171775.0262,2702685.3289,直接水準
92A072,7.34,172429.5489,2703738.2922,直接水準
92A073,7.79,172033.2139,2704280.9709,直接水準
92A076,10.65,174648.7069,2704515.6468,直接水準
92A077,3.67,174879.5458,2704603.5621,直接水準
92A078,28.65,175171.7184,2702219.9336,直接水準
92A084,45.05,184079.0816,2704311.1249,直接水準
92A085,40.08,183612.5372,2704167.4171,直接水準
92A090,29.9,187673.026,2704286.7136,直接水準
92A093,4.76,191235.994,2702435.8514,直接水準
92A099,26.54,192357.9677,2707287.0026,直接水準
94A02,5.65,190209.8168,2713485.0862,直接水準
94A03,3.6,191782.4875,2713168.4672,直接水準
94A05,5.94,192181.6241,2711716.3593,直接水準
94A08,34.15,193000.986,2710958.712,直接水準
94A13,45.37,190192.6597,2705163.4609,直接水準
94A15,5.01,190777.3861,2702526.8408,直接水準
94A16,37.9,190317.509,2705308.2175,直接水準
94A17,66.33,188360.2646,2705226.4263,直接水準
94A18,65.06,188143.5277,2705123.4677,直接水準
94A21,15.53,186325.6058,2705392.2599,直接水準
94A22,12.48,186422.0302,2705473.1682,直接水準
94A25,22.45,173167.3313,2701197.3686,直接水準
94A27,13.25,170846.4773,2700844.5335,直接水準
94A29,7.27,170890.3677,2702030.2423,直接水準
95A008,4.39,182407.0352,2707240.8658,--
95A016,26.47,193283.0879,2708873.8841,--
95A018,32.72,188886.919,2706425.354,--
98A01,31.29,183656.011,2703093.2138,--
98A13,41.11,188327.8791,2706032.3617,--
98A14,30.57,187994.6485,2704264.4537,--
98A15,30.11,187839.4081,2704262.3819,--
98A18,27.55,190076.2106,2704317.6302,--
98A25,16.31,191334.1013,2707809.8766,--
99A14,3.23,179547.6006,2706714.7997,--
99A18,3.7,182482.765,2707330.9545,--
99A22,12.09,190645.2369,2712424.2978,--
99A23,4.76,191804.8443,2713291.0757,--
99A29,7.89,193646.5042,2710177.4873,--
99A30,14.07,193743.2284,2709720.938,--
A05,20.76,191684.8405,2710991.0821,--
A076,8.53,172109.6689,2704114.4973,直接水準
A304,6.35,171804.9033,2701594.2531,直接水準
AB12,34.93,192484.707,2710554.6817,--
AB13,41.68,192491.0899,2710452.3151,--
AC1783,3.97,196079.8945,2704168.7871,--
AL07,4.93,189181.3664,2709693.5992,--
B07,3.79,180591.7804,2707498.2305,--
B205,12.42,180467.0701,2703659.8911,--
B34,3.42,181787.2175,2708050.9835,--
B427,7.98,172244.35,2703103.14,直接水準
B434,31.26,180804.6339,2701191.426,--
B453,8.18,190829.1545,2708046.6956,--
B455,21.74,179477.7253,2702279.3803,--
B472,13.1,188412.7698,2709043.7377,--
B473,14.36,188281.6829,2709103.311,--
B486,21.69,188635.7481,2708233.7898,--
B489,20.59,188988.18,2707962.917,--
B490,19.11,188644.2255,2708388.8476,--
B685,24.66,193230.8921,2705225.261,--
B717,14.41,195038.0676,2707323.2267,--
B718,9.94,195129.5715,2707490.6344,--
B800,15.69,178495.211,2700179.869,--
B801,15.03,178430.102,2700091.11,--
B886,35.97,185384.3209,2704743.558,--
B93452,12.4,190819.8767,2707845.4809,--
B93631,15.56,195024.279,2702521.421,--
B943,21.77,185882.4538,2704593.4219,--
B948,9.33,186528.4976,2705343.6408,--
B950036,8.91,175170.774,2703829.886,--
B950042,19.13,173836.03,2704633.304,--
B950201,7.86,192595.92,2701136.557,--
B950231,42.75,191720.208,2705141.914,--
B950284,5.76,172555.158,2703535.469,--
B950484,7.99,171826.031,2702746.441,--
B950487,16.68,172114.238,2702765.684,--
B950532,3.96,187953.78,2708326.352,--
B950602,8.34,188240.546,2708887.763,--
B950711,3.41,190381.551,2712515.835,--
B950727,10.61,190638.356,2712677.139,--
B950730,10.44,190639.193,2712547.88,--
B950807,17.72,191336.578,2712845.178,--
B950885,25.85,174014.912,2704644.38,--
B951087,24.81,192150.329,2709423.936,--
B951261,11.03,173364.426,2703001.074,--
B951301,4.22,192642.263,2701311.646,--
B951869,7.87,180282.656,2708107.428,--
B952274,21.65,182978.694,2701614.779,--
B952505,17.32,195085.616,2702524.542,--
BL04,11.53,182032.257,2703823.379,--
BR07,7.66,190828.0294,2708235.7062,--
C028,68.91,188752.155,2705396.184,--
C71,12.37,191811.8096,2712614.952,--
G005,11.76,180221.8087,2703735.2949,直接水準
G006,4.52,180084.0176,2702950.494,直接水準
G009,20.26,179414.597,2702314.3945,直接水準
G016,15.13,177285.6462,2701113.6237,直接水準
G018,8.09,177707.0847,2700261.6065,直接水準
G020,4.06,178452.4594,2700862.6268,直接水準
G024,9.56,179663.755,2705640.125,直接水準
G026,4.49,180073.2494,2703024.6687,直接水準
G029,9.03,183074.44,2700683.906,直接水準
G035,33.79,183714.2218,2702806.5051,直接水準
G036,29.11,183956.3803,2702753.4548,直接水準
G039,16.69,185778.755,2703447.121,直接水準
G040,36.42,185880.323,2703679.657,直接水準
G041,6.92,186680.2797,2703500.4264,直接水準
G044,5.67,187778.9397,2703470.0828,直接水準
G047,4.73,190061.992,2702892.2484,直接水準
G052,25.22,188534.6136,2703816.382,直接水準
G053,31.02,189900.2216,2704483.0647,直接水準
G055,20.83,191979.6867,2703532.3878,直接水準
G056,20.83,192242.7727,2703927.7398,直接水準
G057,37.78,191381.1747,2704815.5112,直接水準
G058,41.95,191168.9271,2704764.7622,--
G058-1,29.5,191429.8471,2703158.3172,直接水準
G065,3.55,188602.8824,2710761.097,直接水準
G066,4.19,188598.4227,2710562.6237,直接水準
G067,2.77,187242.4486,2706659.4482,直接水準
G068,2.36,187195.6601,2706776.4879,直接水準
G069,9.68,184293.2118,2706561.1093,直接水準
G070,12.42,184246.4456,2706492.591,直接水準
G072,27.9,181657.9034,2704225.7696,直接水準
G075,18.85,179533.2685,2701170.9334,直接水準
G079,22.05,180204.4954,2705671.563,直接水準
G081,17.47,181211.6264,2705880.0033,直接水準
G082,19.94,181042.2042,2705700.958,直接水準
G084,25.16,182053.8136,2705211.2092,直接水準
G087,23.44,182942.3748,2704209.172,直接水準
G090,23.21,182848.3424,2701668.4103,直接水準
G091,22.97,182154.959,2700481.347,直接水準
G092,24.17,182125.6538,2700391.9197,直接水準
G093,19.01,180538.7219,2701429.617,直接水準
G095,24.97,180734.157,2700265.5582,直接水準
G096,23.21,180679.637,2700505.289,直接水準
G097,33.09,180750.5884,2699447.778,直接水準
G100,55.6,179647.3527,2699949.2218,直接水準
G101,49.61,179341.677,2699502.301,直接水準
G102,39.72,179278.103,2699406.957,直接水準
G103,17.84,178538.8849,2700214.6122,直接水準
G107,36.24,183330.438,2704090.1684,直接水準
G108,40.45,184347.809,2703561.484,直接水準
G109,26.16,185687.0701,2704581.0423,直接水準
G110,21.65,186057.751,2704592.384,直接水準
G111,25.68,186794.7737,2704660.3184,直接水準
G1117,29.48,180905.2495,2704251.6876,直接水準
G1119,14.94,180697.5849,2703760.6274,直接水準
G112,41.1,187363.658,2704291.6367,直接水準
G1120,9.96,180242.3187,2703647.9728,直接水準
G1121,14.17,180668.3811,2703338.8167,直接水準
G1122,13,180769.2552,2703234.9989,直接水準
G1125,7.71,181502.9807,2703071.5323,直接水準
G1127,3.87,180271.0183,2702923.5614,直接水準
G1128,3.63,180255.8135,2702715.7057,直接水準
G1129,3.32,180468.675,2702876.4474,直接水準
G1131,14.13,180890.8689,2702337.5602,直接水準
G1132,32.81,190717.6894,2704637.5912,直接水準
G1133,30.35,190728.8977,2704527.3964,直接水準
G1134,32.15,190883.1255,2704520.5443,直接水準
G1136,23.9,190269.0098,2704150.1507,直接水準
G1137,23.03,190852.0946,2704118.4536,直接水準
G1138,24.42,190950.9624,2704052.3815,直接水準
G1139,19.33,190945.654,2703911.564,直接水準
G114,19.06,184543.8091,2702942.7193,直接水準
G1140,21.82,191752.0877,2704296.9981,直接水準
G1142,25.41,192378.515,2704260.782,直接水準
G1143,20.5,191470.6384,2703588.3013,直接水準
G1144,23.73,190628.2027,2703688.6526,直接水準
G1145,31.68,190165.861,2703758.8317,直接水準
G115,8.83,184962.161,2702805.1923,直接水準
G116,8.49,186834.4278,2703634.2297,直接水準
G150,17.65,193021.3086,2700895.6748,--
G154,17.62,193808.8782,2702159.7075,--
G161,14.23,194046.3717,2702439.2553,--
G162,14.84,194359.9893,2702472.0428,--
G163,11.22,194145.2245,2702797.3783,--
G167,13.14,195443.5385,2703043.8995,--
G168,11.54,193065.946,2702273.244,--
G169,10.68,193047.9689,2702477.6543,--
G170,9.78,193428.2438,2702786.801,--
G173,10.72,194576.4985,2703719.1616,--
G177,5.11,195005.6912,2703760.7642,--
G184,35.79,195918.619,2704719.2865,--
G185,29.03,196126.1506,2704711.3731,--
G197,21.88,194047.4865,2705634.6542,--
G198,20.21,194220.785,2705855.1078,--
G203,19.95,194532.1784,2706023.0626,--
G208,20.97,194964.9954,2706866.8571,--
G211,22.69,195017.468,2707031.912,--
G220,8.28,194925.1395,2708250.7315,--
G225,14.51,194208.2904,2708341.5365,--
G226,19.42,193998.515,2708484.4531,--
G228,17.01,193874.723,2708511.6984,--
G229,21.92,193619.9646,2708783.2733,--
G257,28.98,193143.4971,2708366.0178,--
G265,6.29,188669.2924,2703596.5649,--
G275,23.67,192846.7589,2703963.8908,--
G276,21.71,193046.6001,2704115.935,--
G279,14.3,193632.0096,2704010.6544,--
G280,19.74,193281.3335,2704301.1285,--
G289,24.05,193403.2893,2705288.5452,--
G296,25.8,192712.0696,2704783.4179,--
G297,28.4,192463.5206,2704995.8651,--
G301,37.99,191960.2275,2705447.5979,--
G304,34.39,192218.035,2705757.02,--
G310,60.32,188812.3657,2704754.7829,--
G313,19.2,188146.3979,2704120.3295,--
G324,40.31,192726.0107,2706836.727,--
G325,22.64,193587.2209,2707620.2294,--
G337,10.04,193022.0905,2703049.3488,--
G342,12.99,193128.5815,2701938.8019,--
G343,17.27,193447.5602,2701788.9012,--
G345,21.31,193240.1983,2701132.9573,--
GA01,8.12,182568.302,2706345.444,直接水準
GA03,4.06,181813.944,2707585.52,直接水準
GA04,6.2,181321.452,2708110.943,直接水準
GA07,12.6,179627.537,2708980.442,直接水準
GA08,16.78,178978.138,2708391.7008,直接水準
GA09,3.41,180633.795,2707150.441,直接水準
GA13,31.3,180755.046,2705140.571,直接水準
GA15,17.44,182717.735,2704589.864,直接水準
GA16,12.71,182096.9062,2703761.412,直接水準
GA19,3.62,180103.354,2707911.943,直接水準
GA20,8.66,178522.142,2707617.65,直接水準
GA23,4.96,179371.616,2705452.914,直接水準
GA24,9.03,179978.847,2703857.915,直接水準
GA27,4.09,177931.649,2701821.391,直接水準
GA29,18.44,178367.107,2700011.406,直接水準
GA35,14.18,181415.447,2701430.443,直接水準
GA38,5.99,183126.723,2700657.398,直接水準
GA39,14.71,181956.021,2702537.842,直接水準
GA44,18.98,187261.647,2705182.563,直接水準
GA45,27.81,187878.07,2704442.41,直接水準
GA47,50.81,184893.951,2704523.994,直接水準
GA53,5.31,186777.332,2703169.483,直接水準
GA54,21.39,187939.655,2703442.323,直接水準
GA55,15.18,188763.99,2703407.418,直接水準
GA58,3.97,192544.569,2701283.439,直接水準
GA59,39.37,194492.953,2701606.196,間接高程
GA60,21.4,192668.688,2702175.174,間接高程
GA63,10.12,194285.868,2703483.241,直接水準
GA70,10.78,192399.314,2703268.57,直接水準
GA72,21.63,190498.119,2703961.433,直接水準
GA73,34.78,190872.086,2705003.712,直接水準
GA78,8.35,194639.986,2707642.726,直接水準
GA81,32.72,192908.625,2709022.299,直接水準
GA83,201.74,190235.512,2706151.97,直接水準
GA84,224.4,191191.071,2706249.945,間接高程
GA89,116.65,192775.492,2710711.838,間接高程
GA90,35.83,191983.632,2709576.493,直接水準
GA91,15.45,191452.095,2711149.172,直接水準
GA93,17.5,190527.807,2711258.852,直接水準
GA95,5.95,188655.472,2710515.274,直接水準
GA96,6.51,190351.872,2709855.091,直接水準
GA97,13.92,191535.489,2708558.564,直接水準
GA98,4.72,189645.093,2708918.698,直接水準
GAA1,20.16,189060.103,2707893.429,直接水準
GAA2,5.2,187332.121,2708645.442,直接水準
GAA3,4.01,187970.123,2707544.428,直接水準
GAA4,13.18,189401.04,2707284.654,直接水準
GAA8,13.38,171961.042,2704518.679,直接水準
GAB2,11.25,171663.102,2701382.068,直接水準
GAB3,26.13,173391.011,2702791.183,間接高程
GB428,12.22,172064.4126,2702868.5958,--
GN-M136,13.33,180109.2442,2708878.2478,--
H1294,33.04,190116.3913,2703893.4144,--
H224,29.11,181490.166,2704058.019,--
H397,24.16,181067.4863,2704092.6396,--
H436,9.36,188197.8178,2708762.237,--
H56,20.46,193797.2167,2711201.0662,直接水準
H703,36.03,179250.311,2699369.028,--
H71,13.44,180227.2458,2708969.1634,--
H716,9.33,178550.007,2700876.186,--
H94903,55.28,179393.051,2699574.671,--
H97094,16.58,180794.714,2703841.763,--
H98020,13.92,181046.914,2703244.882,--
HT94079,13.53,186296.893,2705668.162,--
J970048,9.61,178571.439,2707651.65,--
J970089,12.65,178517.714,2708018.869,--
J970110,13.83,179283.2975,2701006.5788,--
J970119,7.5,177924.3015,2700920.4975,--
J970120,10.3,177790.201,2700969.2,--
J970136,16.46,173292.2478,2704878.2837,--
J970154,8.52,181717.4693,2703285.2603,--
J980001,15.84,189016.711,2708614.792,--
J980002,16.05,188947.7265,2708664.9944,--
J980028,10.82,183300.3161,2706791.2062,--
J980029,14.04,183195.9273,2706736.6985,--
J980141,13.67,194276.3772,2709683.9711,--
J980445,32.1,183230.5884,2703907.2853,--
J980505,20.73,183389.0338,2701519.0981,--
J980507,11.5,183502.0176,2701376.3399,--
J990245,26.7,192862.9396,2708622.65,--
J990372,49.47,184609.043,2704456.398,直接水準
J990400,32.96,182914.6735,2702080.1989,--
J990401,32.12,182911.508,2702155.214,--
J990405,23.73,182941.0992,2702571.8514,--
K001,4.94,191998.7723,2702238.417,--
K002,5,192233.6712,2702018.1577,--
K003,3.94,195091.0128,2703551.1056,--
K004,5.9,195351.9101,2703801.0919,--
K005,5.17,190111.6012,2712641.2257,--
K006,5.12,190127.5016,2712920.2168,--
K007,19.85,187364.2461,2705358.9773,--
K008,19.64,187510.1674,2705256.2505,--
KJN001,7.7,180984.0292,2707981.3661,--
KJN002,8.02,181048.173,2708046.4426,--
KJN003,4.84,181776.9862,2708173.6123,--
KJN007,4.15,181740.5766,2707646.852,--
KJN010,3.56,180629.901,2707077.746,--
KJN014,5.18,182173.7459,2707143.0394,--
KJN019,12.89,181757.8097,2706378.0764,--
KJN030,8.09,182642.1323,2706243.7579,--
KJN049,17,183948.2657,2706437.2234,--
KJN050,28.12,184079.587,2706048.89,--
KJN060,24.05,184392.9566,2705418.0017,--
KJN061,23.47,184328.2315,2705267.9221,--
KJN067,43.97,185145.406,2704546.612,
KJN086,23.83,185699.2515,2705000.9449,--
KJN091,12.83,186158.1967,2705658.5965,--
KJN093,42.2,183772.6608,2704226.2351,--
KJN094,10.32,181083.7973,2706569.3507,--
KJN095,10.16,181209.532,2706478.5965,--
KP1106,42.86,188155.7744,2706120.3324,--
KP1136,23.67,190030.6087,2706610.4476,--
KP1174,14.43,192087.4226,2707995.7219,--
KP1253,11.34,192263.3042,2703337.8087,--
KP1256,7.03,192271.6701,2702878.4835,--
KP729,12.38,191724.1366,2712694.679,--
KP863,15.78,194209.0684,2709694.33,--
KSA004,11.2,191340.3374,2712567.508,--
KSA005,5.77,190352.229,2712403.7246,--
KSA006,5.1,190471.8607,2712309.8868,--
KSA013,9.84,189325.5884,2711743.861,--
KSA014,8.39,189295.2377,2711628.1016,--
KSA022,7.72,190494.614,2711587.246,--
KSA026,5.85,191654.003,2711979.477,--
KSA027,6.16,191952.5033,2711915.2625,--
KSA034,15.35,190502.886,2711046.126,--
KSA035,8.06,190456.978,2710767.275,--
KSA042,4.25,188742.296,2710646.179,--
KSA048,4.78,189283.3082,2709861.7302,--
KSA060,19.64,191777.744,2711019.8614,--
KSA068,9.3,193552.1198,2710193.2109,--
KSA084,7.92,188946.6243,2709474.9993,--
KSA085,11.59,188894.3918,2709616.5584,--
KSA088,9.51,188808.5847,2708998.8803,--
KSA089,5.5,188851.3658,2709149.1517,--
KSA098,5.37,188144.6337,2708431.1748,--
KSA141,30.24,192021.0446,2709664.1435,--
KSA147,19.86,192170.5779,2709230.5096,--
KSA151,33.32,192977.3757,2709148.093,--
KSA161,25.3,192179.4783,2707628.5303,--
KSA166,17.82,190877.2707,2707577.5318,--
KSA171,9.12,189855.8006,2707465.4667,--
KSA185,25.26,188720.6843,2706759.4466,--
KSA186,21.86,188550.5427,2706810.8037,--
KSA187,17.76,188519.6092,2706964.1595,--
KSA188,19.35,188205.7631,2706890.2468,--
KSA201,9.49,187081.5094,2705966.5986,--
KSA203,8.1,186629.6825,2705795.5117,--
KSA213,8.83,193840.824,2711302.7215,--
KSA226,3.96,190380.0501,2708736.242,--
KSA260,168.85,190201.79,2706077.6985,--
KSA281,7.57,175067.3498,2703968.118,--
MA16,12.47,194490.7692,2709928.2816,--
MS-004,4.69,190351.417,2713244.142,--
N019,23.41,182852.3165,2702805.8835,--
OT-M084,14.43,181953.709,2700152.69,--
P103,4.19,190494.793,2708645.2497,直接水準
P105,8.3,195222.2305,2708015.2897,直接水準
P109A,13.65,195339.9361,2702821.5288,--
P120,5.14,179520.8323,2705537.9964,直接水準
P137,18.27,173517.2981,2702852.8064,--
P151,25.82,172733.0985,2701938.4742,直接水準
P152,27.43,172816.7512,2701856.0583,直接水準
P159,6.12,196009.4172,2704249.7439,直接水準
P163,12.86,196384.1106,2704671.5996,直接水準
P165,9.98,195634.2087,2705276.4776,直接水準
P166,5.19,195559.6379,2705307.7746,直接水準
P169,11.41,195862.3947,2708362.3069,直接水準
P894,14.42,186597.5583,2705184.974,
Q210,5.24,191265.3707,2702457.6328,--
R04,10.44,195013.8114,2704071.9554,--
T030,17.5,180221.3958,2704040.9795,直接水準
T1000,24.12,177887.6591,2700386.5268,直接水準
T1001,16.63,177820.6084,2700338.0854,直接水準
T1003,13.68,178002.0792,2700580.2075,直接水準
T1009,32.05,181956.1099,2701021.878,直接水準
T1010,31.72,182022.4662,2701071.3407,直接水準
T1013,29.37,182425.2996,2701481.8017,直接水準
T1017,27.75,182520.653,2701478.277,直接水準
T1019,33.87,182386.0965,2701124.9819,直接水準
T1020,34.21,182384.058,2701043.481,直接水準
T1025,28.69,182437.3265,2700319.889,--
T1027,13.06,182771.2949,2700682.5658,直接水準
T1035,22.11,182926.2336,2701338.559,直接水準
T1043,29.68,183089.4452,2702150.2411,直接水準
T1047,26.54,182449.165,2701824.604,直接水準
T1048,27.9,182321.5437,2701950.7268,直接水準
T1051,14.43,181945.472,2702267.885,--
T1052,26.66,183648.0169,2702334.8034,直接水準
T1054,27.81,183583.2791,2702412.3173,直接水準
T1059,33.6,181486.5428,2700624.919,--
T1060,37.13,181499.8026,2700518.64,直接水準
T1068,27.79,181703.7663,2700536.7583,直接水準
T1074,3.56,180643.564,2707047.5103,直接水準
T1075,9.32,180652.4012,2706783.9976,直接水準
T1081,16,180657.3993,2706594.5831,--
T1087,22.15,180026.9342,2706006.4342,直接水準
T1088,18.09,179942.7485,2705921.488,直接水準
T1089,28.18,180532.6432,2705811.2277,直接水準
T1090,32.69,180477.4082,2705990.5567,直接水準
T1105,13.84,180113.0059,2705498.7987,--
T1106,11.14,180061.4065,2705427.309,直接水準
T1107,11.83,180148.3876,2705348.4828,直接水準
T1116,27.18,181159.4951,2705429.5392,直接水準
T1117,28.12,181227.9327,2705509.2154,直接水準
T1119,16.9,182372.9121,2705440.2855,直接水準
T1120,20.93,182224.592,2705334.2857,直接水準
T1131,31.04,181601.696,2704608.6019,直接水準
T1132,30.61,181727.471,2704480.8943,直接水準
T1135,24.97,182664.1383,2703905.925,直接水準
T1144,17.3,182365.8194,2704299.029,直接水準
T1152,18.08,182704.2052,2704564.0214,直接水準
T1158,21.95,182422.1552,2704802.9303,直接水準
T1159,20.37,182338.4213,2704885.9879,直接水準
T1171,12.72,181609.2575,2706257.9544,直接水準
T1175,27.24,181868.856,2704812.913,直接水準
T1176,29.53,181902.1536,2704704.7851,直接水準
T1186,22.66,181261.5336,2704690.1542,直接水準
T1187,21.03,181351.3261,2704776.2911,直接水準
T1221,6.11,179609.4074,2705564.9488,--
T1223,9.06,179745.1358,2705392.5602,直接水準
T1226,19.8,179929.8115,2705028.9867,直接水準
T1227,21.73,180104.5857,2704771.4759,直接水準
T1229,9.15,186931.2663,2703651.9012,--
T1232,5.65,187302.323,2703589.066,直接水準
T1233,4.67,187426.5368,2703549.8545,直接水準
T1237,39.16,187250.4326,2704323.026,直接水準
T1238,38.35,187115.4152,2704334.7541,直接水準
T1239,38.76,187017.635,2704370.53,--
T1240,30.56,186886.3866,2704390.2431,直接水準
T1245,30.48,186713.5958,2703979.21,直接水準
T1249,22.25,186465.583,2704637.143,直接水準
T1250,22.39,186382.4007,2704630.5338,直接水準
T1253,17.33,185735.543,2703514.009,直接水準
T1254,18.51,185610.035,2703580.3493,直接水準
T1256,25.92,186007.1205,2703977.8293,直接水準
T1266,30.41,186359.1149,2704410.7632,直接水準
T1267,27.03,186370.7802,2704494.3317,直接水準
T1270,21.43,185174.8221,2703036.5302,直接水準
T1271,25.98,185150.188,2703101.243,直接水準
T1273,37.6,185207.0403,2703395.0134,直接水準
T1274,27.41,185232.601,2703519.181,直接水準
T1277,28.66,184373.7896,2702786.8879,直接水準
T1278,31.99,184296.7045,2702706.4135,直接水準
T1279,34.06,184234.0202,2702667.7489,直接水準
T1287,24.36,182998.1587,2702604.5083,直接水準
T1290,37.18,183682.6991,2702923.8963,直接水準
T1299,39.32,183388.4283,2703722.9941,直接水準
T1304,16.59,182102.8601,2702854.5081,--
T1316,20.83,182518.8518,2702493.4246,直接水準
T1320,17.98,182260.7508,2702682.2403,--
T1325,27.61,182474.5905,2703504.9678,直接水準
T1351,18.36,185990.7891,2703700.2219,直接水準
T1356,5.3,186870.1795,2703501.2634,直接水準
T1357,4.94,186904.039,2703418.807,直接水準
T1371,13.05,182202.314,2703288.319,--
T1372,14.72,182250.5703,2703343.8341,直接水準
T151,9.81,176991.6819,2700979.1279,直接水準
T152,11.66,177032.1345,2700939.6212,直接水準
T296,11.77,190103.9438,2702923.662,--
T308,2.89,190239.9061,2702804.4039,--
T353,27.66,188719.1756,2703750.3411,--
T368,37.49,190147.3247,2703426.4675,--
T396,21.33,191740.548,2703496.3015,--
T399,19.91,192185.123,2704068.4549,直接水準
T400,20.11,191958.346,2704114.841,直接水準
T401,19.21,191653.693,2704158.8955,直接水準
T407,37.01,190927.7512,2704610.0613,直接水準
T408,24.72,190788.99,2704381.23,--
T418,29.7,191039.5895,2703219.0398,直接水準
T419,27.55,191202.4111,2703179.8289,直接水準
T430,20.21,191504.8835,2702795.646,--
T436,37.48,190471.2381,2703083.0608,直接水準
T440,34.32,190686.0314,2703284.99,直接水準
T441,19.18,191455.911,2703906.888,直接水準
T442,19.03,191548.519,2704025.264,--
T443,20.43,191341.6512,2703991.7845,直接水準
T477,36.15,190233.732,2703555.592,直接水準
T485,23.61,190915.5782,2703540.3763,直接水準
T486,21.22,190969.6793,2703689.6502,直接水準
T535,5.31,190093.472,2709029.253,直接水準
T537,5.28,190287.3042,2709435.6914,直接水準
T538,10.84,190461.1622,2709313.1161,直接水準
T542,4.66,190877.2847,2709017.9533,直接水準
T543,5.32,190162.2974,2708950.251,直接水準
T544,6.56,190348.6842,2709727.4658,直接水準
T546,8.04,190379.667,2709987.069,直接水準
T548,9.45,190734.3851,2710078.9253,直接水準
T549,9.41,190848.881,2710118.409,直接水準
T557,18.07,191071.0213,2709833.9963,--
T558,18.22,191134.1197,2709832.8653,--
T562,16.34,190987.8243,2709430.793,直接水準
T563,16.23,191123.4702,2709369.0811,直接水準
T568,11.19,191122.6923,2708961.5122,直接水準
T570,15.63,191249.4081,2708877.1468,--
T621,9.53,190801.5973,2709918.2768,直接水準
T622,8.25,190744.7271,2709810.007,直接水準
T671,4.87,188714.097,2709865.4508,直接水準
T672,5.28,188645.1372,2709456.8494,直接水準
T673,3.72,188178.2379,2709099.8916,直接水準
T675,5.43,187952.4344,2708691.9093,直接水準
T676,5.22,187391.9801,2708641.3434,直接水準
T678,4.07,187886.8095,2708268.5805,直接水準
T679,0.86,185571.4589,2706353.6632,直接水準
T680,3.44,185582.3395,2706286.1293,直接水準
T682,29.82,181000.2026,2705250.3162,直接水準
T683,33.3,180866.7171,2705089.5283,直接水準
T684,34.95,180809.266,2705032.32,直接水準
T687,34.01,180907.7067,2704726.0214,直接水準
T689,33.52,180984.1455,2704475.4447,直接水準
T694,26.36,181166.5595,2703908.0786,直接水準
T706,11.12,182088.0824,2703759.5284,直接水準
T707,10.43,182097.9778,2703671.7371,直接水準
T713,11.52,182140.1732,2703226.0225,--
T716,16.68,182056.413,2702939.601,直接水準
T717,15.58,182042.3484,2702840.796,直接水準
T721,10.61,181868.887,2702388.726,直接水準
T723,17.55,181945.5999,2702166.3815,--
T730,17.69,181842.7857,2701852.8343,直接水準
T731,13.36,181697.1908,2701693.8541,直接水準
T732,20.91,181755.6225,2701535.4658,直接水準
T739,22.87,181523.3777,2700955.6377,直接水準
T740,25.35,181332.7769,2700927.7991,直接水準
T741,29.21,181097.2637,2700904.9408,直接水準
T763,25.62,181022.8822,2702055.0592,直接水準
T764,20.7,180935.85,2702105.552,直接水準
T779,21.24,179966.5907,2701470.2264,直接水準
T780,22.04,179878.011,2701404.6423,直接水準
T790,5.13,178731.1179,2701051.3189,直接水準
T791,7.71,178790.6113,2701103.9875,直接水準
T802,5.08,180926.7502,2702759.0784,--
T803,5.25,181042.3727,2702753.1354,--
T804,5.28,181193.3802,2702797.5261,
T805,4.3,181181.0302,2702741.2224,直接水準
T822,25.19,180441.9074,2704111.1493,直接水準
T836,7.82,181690.2117,2703126.0995,直接水準
T852,18.71,180878.2739,2703606.6394,直接水準
T897,17.23,180242.2507,2703417.6698,直接水準
T898,18.39,180352.1515,2703452.7594,直接水準
T899,26.89,180521.7464,2704186.6453,直接水準
T924,26.9,180482.245,2704604.0488,直接水準
T925,24.47,180431.097,2704554.3623,直接水準
T929,17.05,180205.9086,2704576.9156,直接水準
T930,17.96,180192.9889,2704453.72,直接水準
T932,16.92,180855.4782,2698943.3529,直接水準
T933,18.05,180902.2,2698853.58,直接水準
T934,21.22,180987.0113,2698911.1724,直接水準
T935,24.05,181030.0274,2698988.7357,直接水準
T938,33.74,180519.5424,2699482.7749,直接水準
T940,47.89,180137.9853,2699771.0666,直接水準
T941,51.12,179987.8141,2699897.2766,--
T956,11.08,181584.1546,2699916.9,直接水準
T957,16.35,181658.4782,2699958.1081,直接水準
T960,13.1,181205.1225,2700129.572,直接水準
T961,15.54,181038.2691,2700249.8015,直接水準
T966,24.72,180885.8778,2701384.8021,直接水準
T967,18.72,180880.7072,2701490.4933,直接水準
T968,8.72,180230.6428,2701251.0803,直接水準
T970,10.28,180184.252,2701101.59,直接水準
T972,18.87,180209.6794,2700855.401,直接水準
T973,23.07,180111.602,2700773.233,直接水準
T982,25.44,179163.7628,2700563.0597,直接水準
T985,29.21,179290.6857,2700412.9425,直接水準
T986,51.58,179534.59,2700109.699,直接水準
T991,13.55,181309.8671,2699858.7073,直接水準
T992,10.01,181427.116,2699854.8866,直接水準
T995,22.86,182124.9985,2700751.9437,直接水準
TK-4,6.17,180620.6816,2707954.7493,--
TW-M042,45.08,188134.7462,2706030.0949,--
TY01,20.1,194425.9467,2709889.5781,--
W091,36.13,193161.7167,2700839.7652,--
W138,59.79,188537.378,2705657.42,--